time,nodeId,x,y,neighbor_count,avg_neighbor_rssi_dbm
1.000,0,197.140,197.251,13,-46.539
1.000,1,269.610,324.117,13,-41.135
1.000,2,387.410,468.771,4,-46.747
1.000,3,279.866,350.951,10,-43.487
1.000,4,332.458,192.752,9,-41.787
1.000,5,164.094,248.515,12,-44.671
1.000,6,0.922,178.532,7,-35.146
1.000,7,490.739,460.750,2,-44.990
1.000,8,252.061,304.682,13,-41.199
1.000,9,92.533,213.802,12,-41.133
1.000,10,233.212,315.207,11,-39.883
1.000,11,293.527,213.444,11,-43.318
1.000,12,388.901,337.434,8,-44.420
1.000,13,81.747,212.446,11,-36.302
1.000,14,243.510,113.227,6,-43.770
1.000,15,267.930,427.402,7,-47.584
1.000,16,307.217,293.910,12,-41.454
1.000,17,17.262,185.377,7,-36.301
1.000,18,141.697,78.852,6,-42.656
1.000,19,432.986,354.738,6,-45.930
1.000,20,61.934,280.474,9,-41.361
1.000,21,32.741,205.630,8,-35.360
1.000,22,10.278,209.881,7,-32.457
1.000,23,184.965,103.097,6,-37.544
1.000,24,463.771,202.844,2,-51.150
1.000,25,354.477,258.893,11,-42.702
1.000,26,148.038,340.458,10,-48.057
1.000,27,198.638,76.740,4,-39.221
1.000,28,25.040,257.904,9,-42.717
1.000,29,329.768,270.823,10,-40.313
2.000,0,214.114,190.270,14,-45.775
2.000,1,264.659,318.958,13,-41.984
2.000,2,378.641,462.327,5,-49.294
2.000,3,270.061,364.466,12,-41.779
2.000,4,317.743,184.268,8,-43.191
2.000,5,157.013,262.031,13,-44.920
2.000,6,7.786,175.396,7,-35.361
2.000,7,483.955,454.743,2,-50.261
2.000,8,239.398,318.392,12,-39.681
2.000,9,96.983,223.457,12,-39.401
2.000,10,232.029,323.730,11,-40.451
2.000,11,307.438,226.017,12,-43.198
2.000,12,388.445,323.715,10,-41.758
2.000,13,91.551,212.617,12,-38.751
2.000,14,236.017,127.619,6,-43.456
2.000,15,265.391,422.989,7,-44.845
2.000,16,291.482,288.592,14,-40.916
2.000,17,18.163,173.893,7,-35.142
2.000,18,145.503,84.607,6,-41.125
2.000,19,414.481,354.812,8,-44.467
2.000,20,69.929,269.824,9,-41.494
2.000,21,42.096,199.656,8,-36.368
2.000,22,22.160,213.966,8,-36.732
2.000,23,178.030,119.958,7,-41.972
2.000,24,450.705,212.611,6,-46.210
2.000,25,363.639,274.523,11,-42.570
2.000,26,161.650,332.534,11,-45.839
2.000,27,185.599,83.793,4,-36.911
2.000,28,39.977,265.512,9,-40.267
2.000,29,324.216,261.204,12,-41.098
3.000,0,231.087,183.290,14,-44.177
3.000,1,259.707,313.799,14,-40.364
3.000,2,369.872,455.884,5,-45.190
3.000,3,260.256,377.981,11,-42.211
3.000,4,303.029,175.783,9,-42.707
3.000,5,149.932,275.547,13,-43.635
3.000,6,14.651,172.259,7,-35.770
3.000,7,477.171,448.735,2,-48.785
3.000,8,226.736,332.103,10,-38.730
3.000,9,101.432,233.111,11,-39.536
3.000,10,230.845,332.253,11,-38.453
3.000,11,321.348,238.589,12,-40.225
3.000,12,387.990,309.996,9,-42.625
3.000,13,101.354,212.789,14,-42.363
3.000,14,228.523,142.011,9,-42.582
3.000,15,262.853,418.576,8,-45.437
3.000,16,275.748,283.274,15,-41.868
3.000,17,19.064,162.409,8,-40.187
3.000,18,149.308,90.362,7,-43.289
3.000,19,395.976,354.886,11,-43.616
3.000,20,77.924,259.174,9,-38.935
3.000,21,51.451,193.682,10,-38.096
3.000,22,34.042,218.050,8,-38.042
3.000,23,171.096,136.820,9,-43.415
3.000,24,437.639,222.377,6,-47.208
3.000,25,372.800,290.153,10,-40.092
3.000,26,175.261,324.610,11,-40.377
3.000,27,172.561,90.845,5,-38.013
3.000,28,54.913,273.121,9,-42.061
3.000,29,318.665,251.585,13,-43.026
4.000,0,248.061,176.310,10,-43.041
4.000,1,254.756,308.640,14,-41.639
4.000,2,361.103,449.440,5,-45.203
4.000,3,250.451,391.496,9,-43.819
4.000,4,288.314,167.299,8,-42.573
4.000,5,142.851,289.063,13,-44.007
4.000,6,21.516,169.123,8,-38.887
4.000,7,470.387,442.728,2,-46.550
4.000,8,214.073,345.813,9,-37.930
4.000,9,105.882,242.765,12,-41.251
4.000,10,229.662,340.775,10,-36.886
4.000,11,335.259,251.162,11,-42.434
4.000,12,387.534,296.277,7,-36.778
4.000,13,111.158,212.960,14,-41.844
4.000,14,221.029,156.402,10,-43.629
4.000,15,260.314,414.163,8,-42.416
4.000,16,260.013,277.956,15,-43.147
4.000,17,19.965,150.925,10,-42.997
4.000,18,153.114,96.117,7,-38.654
4.000,19,377.471,354.960,12,-47.887
4.000,20,85.919,248.524,10,-38.271
4.000,21,60.806,187.708,11,-42.651
4.000,22,45.924,222.135,9,-37.397
4.000,23,164.162,153.681,13,-43.793
4.000,24,424.573,232.144,5,-42.952
4.000,25,381.962,305.783,8,-38.572
4.000,26,188.873,316.686,12,-41.783
4.000,27,159.522,97.898,8,-43.654
4.000,28,69.850,280.729,9,-41.354
4.000,29,313.114,241.966,13,-44.283
5.000,0,265.035,169.329,9,-42.149
5.000,1,249.805,303.481,16,-42.745
5.000,2,352.334,442.997,5,-41.638
5.000,3,240.646,405.011,9,-42.632
5.000,4,273.599,158.815,9,-43.844
5.000,5,135.771,302.579,13,-43.133
5.000,6,28.381,165.986,10,-42.814
5.000,7,463.603,436.721,3,-45.904
5.000,8,201.411,359.523,9,-41.216
5.000,9,110.331,252.420,14,-40.915
5.000,10,228.478,349.298,10,-40.242
5.000,11,349.169,263.735,10,-42.161
5.000,12,387.078,282.558,7,-40.803
5.000,13,120.961,213.132,14,-41.779
5.000,14,213.535,170.794,13,-41.629
5.000,15,257.775,409.750,8,-39.347
5.000,16,244.279,272.638,17,-44.921
5.000,17,20.866,139.441,9,-43.233
5.000,18,156.920,101.871,10,-43.985
5.000,19,358.966,355.034,12,-45.293
5.000,20,93.914,237.874,13,-40.274
5.000,21,70.160,181.734,12,-39.051
5.000,22,57.807,226.220,9,-38.287
5.000,23,157.228,170.542,16,-43.858
5.000,24,411.507,241.910,5,-37.711
5.000,25,391.123,321.413,8,-43.747
5.000,26,202.484,308.762,14,-42.053
5.000,27,146.483,104.950,10,-43.097
5.000,28,84.787,288.337,10,-43.783
5.000,29,307.562,232.347,12,-42.600
6.000,0,282.009,162.349,10,-46.589
6.000,1,244.853,298.323,18,-43.662
6.000,2,343.565,436.553,6,-46.776
6.000,3,230.841,418.526,8,-40.740
6.000,4,258.885,150.331,9,-41.349
6.000,5,128.690,316.095,13,-43.769
6.000,6,35.246,162.850,10,-40.999
6.000,7,456.819,430.714,3,-45.726
6.000,8,192.592,369.072,10,-39.760
6.000,9,114.781,262.074,14,-41.611
6.000,10,227.295,357.821,11,-41.381
6.000,11,354.505,268.557,9,-41.383
6.000,12,386.623,268.839,7,-37.207
6.000,13,130.764,213.303,16,-41.265
6.000,14,206.041,185.186,14,-42.642
6.000,15,255.237,405.336,8,-40.973
6.000,16,228.544,267.320,17,-42.588
6.000,17,21.767,127.958,8,-41.897
6.000,18,160.726,107.626,10,-44.471
6.000,19,340.461,355.108,14,-46.671
6.000,20,101.908,227.224,14,-40.953
6.000,21,79.515,175.760,12,-40.478
6.000,22,69.689,230.304,11,-41.562
6.000,23,150.293,187.404,17,-42.395
6.000,24,398.441,251.676,6,-39.391
6.000,25,400.284,337.043,6,-42.649
6.000,26,216.096,300.839,16,-41.528
6.000,27,133.445,112.003,10,-42.927
6.000,28,99.724,295.945,13,-41.035
6.000,29,302.011,222.727,10,-43.386
7.000,0,298.982,155.369,9,-45.079
7.000,1,239.902,293.164,17,-42.937
7.000,2,334.796,430.110,6,-42.790
7.000,3,221.036,432.041,8,-44.310
7.000,4,244.170,141.846,8,-45.396
7.000,5,127.437,318.487,14,-43.545
7.000,6,42.111,159.713,9,-41.852
7.000,7,450.035,424.707,3,-45.659
7.000,8,194.428,367.984,10,-41.526
7.000,9,119.231,271.729,14,-42.201
7.000,10,226.111,366.343,11,-39.907
7.000,11,354.648,273.133,9,-41.873
7.000,12,386.167,255.120,6,-38.217
7.000,13,140.568,213.475,15,-38.762
7.000,14,198.547,199.577,16,-43.360
7.000,15,252.698,400.923,9,-40.063
7.000,16,213.913,262.375,18,-44.314
7.000,17,22.668,116.474,7,-44.368
7.000,18,164.532,113.381,11,-43.939
7.000,19,321.956,355.182,14,-45.435
7.000,20,109.903,216.574,14,-42.048
7.000,21,88.870,169.786,11,-40.112
7.000,22,81.571,234.389,13,-40.342
7.000,23,143.359,204.265,16,-39.196
7.000,24,385.375,261.443,7,-40.583
7.000,25,409.446,352.672,6,-40.261
7.000,26,229.707,292.915,16,-43.205
7.000,27,120.406,119.055,10,-39.767
7.000,28,114.661,303.553,13,-44.204
7.000,29,296.460,213.108,10,-42.167
8.000,0,315.956,148.388,6,-42.167
8.000,1,234.951,288.005,17,-43.571
8.000,2,326.027,423.667,8,-45.185
8.000,3,211.231,445.556,6,-46.957
8.000,4,229.456,133.362,10,-42.867
8.000,5,131.322,320.292,14,-42.876
8.000,6,48.976,156.577,9,-42.905
8.000,7,443.251,418.700,2,-40.098
8.000,8,200.476,364.400,11,-42.675
8.000,9,123.680,281.383,14,-41.524
8.000,10,224.928,374.866,11,-40.600
8.000,11,354.879,280.556,10,-41.918
8.000,12,385.712,241.401,7,-43.504
8.000,13,150.371,213.646,16,-39.518
8.000,14,191.053,213.969,16,-41.577
8.000,15,250.160,396.510,10,-42.688
8.000,16,214.033,263.204,17,-42.555
8.000,17,23.569,104.990,5,-43.573
8.000,18,168.338,119.136,11,-44.634
8.000,19,303.451,355.256,12,-41.973
8.000,20,117.898,205.924,16,-41.103
8.000,21,98.225,163.812,11,-40.796
8.000,22,93.453,238.474,13,-42.540
8.000,23,136.425,221.126,15,-39.829
8.000,24,372.309,271.209,8,-45.367
8.000,25,418.607,368.302,6,-44.657
8.000,26,243.319,284.991,17,-41.496
8.000,27,107.367,126.108,10,-41.142
8.000,28,129.598,311.161,13,-41.200
8.000,29,290.908,203.489,11,-44.122
9.000,0,332.930,141.408,5,-44.090
9.000,1,229.999,282.846,17,-42.349
9.000,2,317.258,417.223,9,-45.352
9.000,3,201.425,459.071,5,-44.124
9.000,4,214.741,124.878,9,-45.614
9.000,5,136.042,322.484,13,-41.334
9.000,6,55.840,153.440,9,-43.375
9.000,7,436.467,412.693,3,-44.443
9.000,8,206.525,360.816,13,-41.784
9.000,9,127.477,289.620,13,-40.093
9.000,10,223.744,383.389,11,-42.186
9.000,11,355.111,287.979,12,-44.201
9.000,12,385.256,227.683,5,-42.292
9.000,13,160.175,213.818,16,-40.190
9.000,14,183.559,228.360,17,-41.221
9.000,15,247.621,392.097,11,-43.063
9.000,16,215.732,275.035,17,-42.718
9.000,17,24.470,93.506,4,-42.354
9.000,18,172.144,124.891,10,-44.073
9.000,19,284.946,355.330,12,-43.236
9.000,20,125.893,195.274,15,-40.477
9.000,21,107.579,157.838,11,-38.461
9.000,22,105.335,242.558,13,-41.332
9.000,23,129.491,237.988,16,-39.964
9.000,24,359.243,280.975,10,-39.200
9.000,25,427.769,383.932,5,-39.213
9.000,26,256.930,277.067,16,-42.870
9.000,27,94.329,133.160,10,-41.691
9.000,28,144.534,318.769,14,-39.232
9.000,29,285.357,193.870,11,-45.465
10.000,0,349.904,134.428,2,-42.744
10.000,1,225.048,277.688,17,-41.087
10.000,2,308.489,410.780,10,-46.036
10.000,3,191.620,472.586,6,-44.293
10.000,4,200.026,116.393,8,-43.004
10.000,5,140.763,324.677,14,-43.005
10.000,6,62.705,150.304,10,-42.386
10.000,7,429.683,406.686,4,-38.782
10.000,8,212.574,357.232,16,-41.498
10.000,9,125.926,287.526,13,-40.857
10.000,10,222.561,391.911,11,-41.807
10.000,11,355.342,295.402,11,-44.492
10.000,12,384.800,213.964,5,-41.923
10.000,13,169.978,213.989,17,-41.670
10.000,14,176.066,242.752,18,-42.415
10.000,15,245.082,387.683,12,-41.867
10.000,16,217.431,286.865,17,-41.072
10.000,17,25.371,82.022,4,-44.734
10.000,18,175.950,130.645,10,-41.700
10.000,19,266.441,355.404,13,-42.434
10.000,20,133.888,184.624,16,-42.501
10.000,21,116.934,151.864,11,-43.548
10.000,22,117.218,246.643,14,-41.926
10.000,23,122.556,254.849,15,-40.367
10.000,24,346.178,290.742,12,-43.772
10.000,25,436.930,399.562,4,-36.792
10.000,26,270.542,269.143,17,-43.585
10.000,27,81.290,140.213,10,-40.250
10.000,28,159.471,326.377,15,-41.979
10.000,29,279.805,184.251,12,-47.430
11.000,0,366.877,127.447,2,-40.281
11.000,1,220.097,272.529,18,-44.677
11.000,2,299.720,404.336,12,-43.630
11.000,3,181.815,486.102,5,-49.627
11.000,4,185.312,107.909,7,-43.158
11.000,5,145.483,326.870,12,-39.132
11.000,6,69.570,147.167,11,-40.668
11.000,7,422.899,400.679,4,-41.533
11.000,8,218.623,353.648,17,-41.610
11.000,9,115.361,273.255,13,-36.980
11.000,10,221.377,400.434,10,-41.768
11.000,11,355.574,302.825,11,-44.355
11.000,12,384.345,200.245,5,-46.232
11.000,13,179.782,214.161,17,-42.071
11.000,14,168.572,257.144,18,-42.012
11.000,15,242.544,383.270,13,-42.179
11.000,16,219.130,298.696,18,-41.565
11.000,17,26.272,70.538,3,-40.117
11.000,18,179.756,136.400,11,-39.761
11.000,19,247.936,355.478,13,-41.470
11.000,20,141.883,173.974,13,-41.068
11.000,21,126.289,145.890,11,-41.512
11.000,22,129.100,250.728,14,-39.174
11.000,23,115.622,271.710,14,-37.209
11.000,24,333.112,300.508,12,-43.765
11.000,25,446.091,415.192,3,-43.362
11.000,26,284.154,261.219,13,-44.965
11.000,27,68.252,147.265,11,-41.164
11.000,28,174.408,333.985,14,-41.293
11.000,29,274.254,174.631,11,-46.575
12.000,0,383.851,120.467,2,-45.335
12.000,1,215.145,267.370,18,-43.113
12.000,2,290.951,397.893,10,-42.821
12.000,3,174.858,495.691,2,-47.288
12.000,4,170.597,99.425,8,-41.515
12.000,5,150.204,329.063,12,-41.290
12.000,6,76.435,144.031,10,-40.412
12.000,7,416.115,394.672,4,-42.437
12.000,8,224.671,350.064,15,-39.804
12.000,9,104.797,258.985,13,-43.456
12.000,10,220.193,408.956,11,-42.329
12.000,11,355.805,310.248,11,-44.428
12.000,12,383.889,186.526,5,-46.115
12.000,13,189.585,214.332,18,-44.095
12.000,14,161.078,271.535,16,-41.554
12.000,15,240.005,378.857,13,-39.053
12.000,16,220.829,310.526,16,-41.277
12.000,17,27.173,59.054,4,-47.263
12.000,18,183.562,142.155,11,-43.481
12.000,19,229.431,355.552,15,-40.374
12.000,20,149.878,163.324,12,-41.442
12.000,21,135.644,139.916,11,-42.960
12.000,22,140.982,254.813,15,-41.981
12.000,23,108.688,288.572,13,-43.389
12.000,24,320.046,310.274,12,-44.318
12.000,25,448.284,418.932,2,-45.889
12.000,26,297.765,253.295,13,-45.476
12.000,27,55.213,154.318,10,-44.352
12.000,28,189.345,341.594,15,-40.069
12.000,29,268.703,165.012,9,-45.639
13.000,0,400.825,113.487,2,-44.823
13.000,1,210.194,262.211,18,-43.380
13.000,2,282.182,391.449,13,-43.992
13.000,3,176.795,493.512,5,-47.212
13.000,4,155.882,90.940,8,-45.182
13.000,5,154.924,331.256,13,-39.646
13.000,6,83.300,140.894,9,-41.770
13.000,7,409.331,388.665,4,-40.227
13.000,8,230.720,346.480,15,-39.236
13.000,9,94.232,244.714,12,-42.861
13.000,10,219.010,417.479,10,-39.427
13.000,11,356.037,317.670,10,-46.294
13.000,12,383.433,172.807,4,-44.349
13.000,13,199.388,214.504,17,-44.361
13.000,14,153.584,285.927,14,-39.989
13.000,15,237.466,374.444,14,-40.640
13.000,16,222.528,322.357,16,-40.941
13.000,17,28.074,47.570,4,-47.845
13.000,18,187.368,147.910,11,-42.110
13.000,19,210.926,355.626,16,-38.542
13.000,20,157.873,152.674,11,-42.270
13.000,21,144.998,133.941,11,-42.910
13.000,22,152.864,258.897,16,-41.299
13.000,23,102.479,303.671,10,-41.572
13.000,24,306.980,320.041,11,-40.783
13.000,25,443.153,413.916,2,-40.890
13.000,26,311.377,245.371,12,-44.982
13.000,27,42.174,161.370,8,-42.365
13.000,28,204.282,349.202,15,-39.278
13.000,29,263.151,155.393,9,-46.197
14.000,0,417.799,106.506,1,-37.405
14.000,1,205.243,257.052,18,-44.447
14.000,2,273.412,385.006,12,-42.009
14.000,3,183.463,486.010,5,-46.000
14.000,4,141.168,82.456,8,-45.930
14.000,5,159.644,333.449,14,-40.894
14.000,6,90.165,137.758,9,-41.889
14.000,7,402.547,382.657,4,-43.713
14.000,8,236.769,342.896,15,-38.802
14.000,9,83.667,230.444,11,-44.424
14.000,10,217.826,426.002,10,-42.150
14.000,11,356.268,325.093,9,-42.329
14.000,12,382.978,159.088,3,-36.022
14.000,13,209.192,214.675,18,-45.006
14.000,14,146.090,300.319,12,-39.398
14.000,15,234.928,370.030,14,-39.471
14.000,16,224.228,334.187,15,-39.421
14.000,17,28.173,46.310,3,-46.397
14.000,18,191.174,153.665,9,-40.401
14.000,19,192.421,355.700,14,-39.821
14.000,20,165.868,142.024,10,-39.704
14.000,21,154.353,127.967,10,-40.059
14.000,22,164.746,262.982,17,-43.951
14.000,23,103.875,304.381,11,-45.225
14.000,24,293.914,329.807,14,-44.475
14.000,25,436.406,407.322,2,-43.235
14.000,26,324.988,237.448,8,-46.423
14.000,27,29.136,168.423,6,-45.098
14.000,28,219.219,356.810,15,-36.993
14.000,29,257.600,145.774,9,-43.760
15.000,0,434.772,99.526,1,-43.124
15.000,1,200.291,251.894,18,-45.411
15.000,2,264.643,378.563,14,-40.935
15.000,3,190.132,478.509,8,-45.101
15.000,4,126.453,73.972,7,-42.558
15.000,5,164.365,335.642,14,-38.920
15.000,6,97.030,134.621,8,-42.417
15.000,7,395.763,376.650,4,-39.653
15.000,8,242.818,339.312,16,-38.179
15.000,9,73.103,216.173,10,-45.705
15.000,10,216.643,434.524,10,-41.354
15.000,11,356.500,332.516,9,-45.368
15.000,12,382.522,145.369,3,-43.015
15.000,13,218.995,214.847,16,-44.517
15.000,14,138.596,314.710,14,-42.883
15.000,15,232.389,365.617,14,-35.395
15.000,16,225.927,346.018,15,-38.111
15.000,17,43.026,53.602,4,-47.375
15.000,18,194.980,159.419,9,-40.072
15.000,19,173.916,355.774,14,-40.684
15.000,20,173.863,131.374,9,-40.796
15.000,21,163.708,121.993,11,-40.974
15.000,22,176.628,267.067,16,-44.730
15.000,23,117.236,311.175,11,-42.520
15.000,24,280.848,339.574,15,-42.957
15.000,25,429.660,400.727,2,-35.334
15.000,26,338.600,229.524,7,-45.477
15.000,27,23.373,171.540,5,-44.903
15.000,28,234.155,364.418,14,-38.252
15.000,29,252.049,136.155,8,-45.153
16.000,0,451.746,92.546,1,-41.330
16.000,1,195.340,246.735,18,-43.370
16.000,2,255.874,372.119,15,-39.151
16.000,3,196.800,471.007,9,-45.015
16.000,4,111.738,65.487,8,-43.261
16.000,5,169.085,337.834,14,-40.225
16.000,6,103.895,131.485,9,-41.025
16.000,7,388.979,370.643,6,-42.362
16.000,8,248.867,335.728,16,-40.728
16.000,9,62.538,201.903,11,-46.380
16.000,10,215.459,443.047,10,-40.333
16.000,11,356.731,339.939,9,-43.516
16.000,12,382.440,142.892,3,-43.627
16.000,13,228.799,215.018,13,-44.735
16.000,14,131.102,329.102,13,-40.570
16.000,15,229.851,361.204,15,-37.488
16.000,16,227.626,357.848,15,-38.594
16.000,17,59.710,61.792,6,-47.094
16.000,18,198.786,165.174,9,-40.606
16.000,19,155.411,355.848,13,-40.458
16.000,20,181.858,120.724,9,-38.008
16.000,21,173.063,116.019,9,-39.659
16.000,22,188.511,271.151,14,-42.336
16.000,23,130.596,317.969,13,-41.759
16.000,24,267.782,349.340,16,-42.183
16.000,25,422.914,394.132,2,-38.204
16.000,26,352.211,221.600,4,-47.752
16.000,27,25.940,175.308,4,-44.243
16.000,28,249.092,372.026,15,-38.913
16.000,29,246.497,126.536,9,-43.911
17.000,0,465.240,86.996,1,-46.228
17.000,1,190.388,241.576,17,-46.224
17.000,2,248.370,366.605,15,-38.552
17.000,3,203.468,463.505,10,-43.949
17.000,4,97.024,57.003,6,-41.640
17.000,5,173.806,340.027,14,-41.526
17.000,6,110.759,128.348,9,-43.312
17.000,7,382.195,364.636,6,-41.602
17.000,8,254.915,332.144,16,-40.547
17.000,9,51.973,187.632,5,-41.756
17.000,10,214.276,451.570,11,-43.879
17.000,11,356.963,347.362,9,-42.048
17.000,12,379.344,151.361,3,-44.735
17.000,13,238.602,215.190,12,-46.707
17.000,14,123.608,343.493,13,-43.733
17.000,15,227.312,356.791,15,-36.767
17.000,16,229.325,369.679,14,-36.658
17.000,17,76.394,69.983,6,-41.051
17.000,18,202.592,170.929,7,-40.228
17.000,19,136.906,355.922,13,-42.127
17.000,20,189.853,110.074,8,-38.877
17.000,21,182.418,110.045,8,-37.895
17.000,22,200.393,275.236,13,-43.113
17.000,23,143.956,324.763,13,-41.280
17.000,24,254.716,359.106,16,-37.658
17.000,25,416.168,387.538,2,-37.917
17.000,26,365.823,213.676,3,-41.748
17.000,27,30.540,182.061,4,-41.301
17.000,28,264.029,379.634,14,-40.364
17.000,29,240.946,116.916,7,-39.382
18.000,0,464.272,88.412,2,-46.043
18.000,1,185.437,236.417,15,-43.932
18.000,2,247.962,364.111,16,-39.080
18.000,3,210.137,456.003,11,-39.432
18.000,4,82.309,48.519,6,-45.915
18.000,5,178.526,342.220,14,-40.877
18.000,6,117.624,125.212,9,-45.047
18.000,7,375.411,358.629,7,-41.145
18.000,8,260.964,328.560,16,-42.651
18.000,9,41.409,173.362,4,-38.683
18.000,10,213.092,460.092,11,-44.285
18.000,11,357.194,354.785,8,-43.540
18.000,12,375.567,161.696,3,-39.473
18.000,13,248.405,215.361,13,-44.695
18.000,14,116.115,357.885,12,-41.230
18.000,15,224.773,352.378,15,-38.803
18.000,16,231.024,381.509,14,-39.965
18.000,17,93.079,78.174,7,-40.246
18.000,18,206.398,176.684,7,-44.143
18.000,19,118.401,355.996,12,-40.128
18.000,20,197.848,99.424,8,-39.079
18.000,21,191.772,104.071,8,-39.795
18.000,22,212.275,279.321,13,-41.842
18.000,23,157.316,331.557,14,-41.971
18.000,24,241.650,368.873,15,-38.350
18.000,25,409.422,380.943,3,-39.603
18.000,26,379.434,205.752,3,-38.528
18.000,27,35.140,188.813,4,-39.711
18.000,28,278.966,387.242,13,-40.876
18.000,29,235.395,107.297,7,-43.545
19.000,0,459.555,95.319,2,-45.596
19.000,1,180.486,231.259,14,-46.409
19.000,2,245.136,346.820,16,-39.266
19.000,3,216.805,448.502,11,-41.097
19.000,4,67.594,40.034,5,-45.779
19.000,5,183.247,344.413,14,-38.843
19.000,6,124.489,122.075,9,-45.472
19.000,7,368.627,352.622,8,-38.280
19.000,8,267.013,324.976,15,-43.113
19.000,9,38.430,169.338,4,-41.947
19.000,10,212.801,462.190,10,-42.436
19.000,11,357.426,362.208,8,-39.720
19.000,12,371.790,172.031,3,-43.586
19.000,13,258.209,215.533,12,-43.711
19.000,14,108.621,372.277,10,-43.288
19.000,15,222.235,347.964,16,-40.936
19.000,16,232.723,393.340,14,-40.222
19.000,17,109.763,86.364,8,-43.448
19.000,18,210.204,182.439,8,-43.950
19.000,19,99.896,356.070,10,-44.556
19.000,20,205.843,88.774,8,-39.987
19.000,21,201.127,98.097,8,-37.986
19.000,22,224.157,283.405,13,-42.830
19.000,23,170.677,338.351,13,-40.004
19.000,24,228.584,378.639,14,-38.191
19.000,25,402.676,374.349,4,-40.188
19.000,26,393.046,197.828,3,-43.630
19.000,27,39.740,195.566,4,-40.237
19.000,28,293.903,394.850,13,-43.499
19.000,29,229.843,97.678,7,-38.757
20.000,0,454.837,102.225,2,-44.601
20.000,1,175.534,226.100,13,-45.977
20.000,2,242.309,329.529,15,-39.863
20.000,3,223.474,441.000,10,-39.761
20.000,4,52.880,31.550,3,-44.495
20.000,5,187.967,346.606,13,-38.224
20.000,6,131.354,118.939,9,-39.975
20.000,7,361.843,346.615,8,-40.284
20.000,8,273.062,321.392,16,-43.823
20.000,9,31.240,163.394,4,-44.600
20.000,10,224.814,462.420,10,-44.611
20.000,11,357.657,369.631,9,-43.217
20.000,12,368.012,182.366,3,-40.011
20.000,13,268.012,215.704,11,-45.886
20.000,14,101.127,386.668,8,-42.202
20.000,15,219.696,343.551,16,-41.046
20.000,16,234.423,405.170,13,-41.484
20.000,17,126.447,94.555,9,-42.113
20.000,18,214.010,188.194,10,-43.384
20.000,19,81.391,356.144,5,-45.787
20.000,20,213.838,78.124,6,-36.327
20.000,21,210.482,92.123,7,-37.589
20.000,22,236.039,287.490,13,-42.719
20.000,23,184.037,345.145,13,-39.224
20.000,24,215.518,388.405,13,-38.400
20.000,25,395.930,367.754,4,-38.262
20.000,26,406.657,189.904,3,-41.011
20.000,27,44.341,202.319,4,-44.125
20.000,28,308.840,402.459,13,-43.155
20.000,29,224.292,88.059,7,-36.799
21.000,0,450.119,109.131,2,-42.984
21.000,1,170.583,220.941,12,-47.671
21.000,2,239.482,312.238,14,-41.381
21.000,3,230.142,433.498,12,-41.441
21.000,4,38.165,23.066,3,-50.306
21.000,5,192.687,348.799,13,-40.368
21.000,6,138.219,115.802,9,-38.921
21.000,7,355.058,340.608,10,-45.010
21.000,8,279.111,317.808,16,-43.677
21.000,9,21.227,155.117,4,-44.293
21.000,10,240.750,462.724,9,-44.879
21.000,11,357.889,377.054,10,-41.763
21.000,12,364.235,192.701,5,-46.395
21.000,13,277.816,215.876,11,-45.877
21.000,14,93.633,401.060,7,-46.009
21.000,15,217.157,339.138,16,-40.962
21.000,16,236.122,417.001,13,-39.995
21.000,17,143.131,102.745,9,-40.345
21.000,18,217.816,193.948,12,-42.036
21.000,19,62.886,356.218,5,-46.707
21.000,20,221.833,67.474,5,-34.580
21.000,21,219.837,86.149,7,-36.459
21.000,22,247.921,291.575,14,-40.741
21.000,23,197.397,351.939,13,-39.055
21.000,24,202.452,398.172,12,-42.698
21.000,25,389.184,361.160,4,-36.259
21.000,26,420.269,181.980,3,-45.453
21.000,27,48.941,209.071,5,-43.535
21.000,28,323.776,410.067,13,-43.504
21.000,29,218.741,78.440,6,-34.213
22.000,0,445.401,116.037,2,-44.539
22.000,1,165.632,215.782,11,-45.741
22.000,2,236.655,294.947,12,-41.633
22.000,3,236.810,425.996,12,-40.447
22.000,4,23.451,14.581,1,-47.778
22.000,5,197.408,350.992,11,-38.562
22.000,6,145.084,112.666,8,-39.339
22.000,7,348.274,334.601,12,-42.561
22.000,8,285.159,314.224,15,-41.911
22.000,9,11.214,146.839,3,-42.815
22.000,10,256.685,463.028,8,-45.084
22.000,11,358.120,384.477,9,-44.816
22.000,12,360.457,203.036,7,-46.860
22.000,13,287.619,216.047,9,-44.801
22.000,14,86.139,415.452,4,-45.411
22.000,15,214.619,334.725,14,-42.271
22.000,16,236.510,419.706,12,-39.769
22.000,17,159.816,110.936,7,-42.037
22.000,18,221.622,199.703,12,-44.797
22.000,19,44.381,356.292,2,-41.998
22.000,20,222.186,67.005,5,-32.278
22.000,21,229.191,80.175,7,-39.507
22.000,22,259.804,295.659,16,-44.101
22.000,23,210.758,358.734,14,-41.577
22.000,24,189.386,407.938,11,-43.804
22.000,25,382.438,354.565,5,-41.235
22.000,26,433.880,174.056,2,-37.894
22.000,27,53.541,215.824,5,-46.512
22.000,28,338.713,417.675,11,-43.281
22.000,29,213.189,68.820,5,-30.627
23.000,0,440.683,122.943,2,-36.780
23.000,1,160.680,210.623,9,-40.789
23.000,2,233.829,277.656,12,-41.881
23.000,3,243.479,418.495,13,-43.334
23.000,4,8.736,6.097,1,-47.237
23.000,5,202.128,353.184,13,-41.234
23.000,6,151.949,109.529,8,-40.406
23.000,7,341.490,328.594,13,-44.990
23.000,8,291.208,310.640,14,-41.812
23.000,9,7.180,143.504,3,-46.065
23.000,10,272.621,463.332,8,-44.693
23.000,11,358.352,391.900,9,-41.477
23.000,12,356.680,213.371,9,-45.740
23.000,13,297.423,216.219,8,-44.757
23.000,14,78.645,429.843,3,-45.367
23.000,15,212.080,330.311,13,-42.210
23.000,16,236.827,408.064,12,-41.637
23.000,17,176.500,119.127,6,-39.784
23.000,18,225.428,205.458,13,-45.800
23.000,19,25.876,356.366,2,-44.888
23.000,20,231.914,64.373,5,-37.423
23.000,21,238.546,74.201,5,-37.200
23.000,22,271.686,299.744,15,-40.987
23.000,23,224.118,365.528,12,-40.409
23.000,24,176.320,417.704,7,-41.303
23.000,25,375.692,347.970,7,-42.117
23.000,26,447.492,166.133,2,-41.603
23.000,27,58.141,222.577,4,-45.879
23.000,28,353.650,425.283,9,-42.862
23.000,29,207.638,59.201,5,-36.353
24.000,0,435.965,129.850,2,-39.696
24.000,1,155.729,205.465,6,-40.794
24.000,2,231.002,260.365,12,-43.387
24.000,3,250.147,410.993,12,-40.997
24.000,4,6.889,5.032,1,-45.578
24.000,5,206.849,355.377,11,-40.795
24.000,6,158.814,106.393,6,-44.741
24.000,7,334.706,322.586,14,-44.157
24.000,8,297.257,307.056,14,-42.307
24.000,9,10.700,146.079,2,-45.809
24.000,10,288.557,463.637,9,-44.767
24.000,11,358.583,399.323,9,-42.855
24.000,12,352.903,223.706,9,-42.316
24.000,13,307.226,216.390,9,-40.546
24.000,14,71.151,444.235,2,-43.580
24.000,15,209.542,325.898,12,-42.044
24.000,16,237.239,392.970,13,-41.592
24.000,17,193.184,127.317,8,-41.443
24.000,18,229.234,211.213,11,-45.482
24.000,19,7.371,356.440,2,-46.716
24.000,20,242.092,61.619,4,-30.875
24.000,21,247.901,68.227,5,-34.737
24.000,22,283.568,303.829,13,-40.875
24.000,23,237.478,372.322,13,-39.578
24.000,24,163.254,427.471,7,-41.382
24.000,25,368.946,341.376,11,-44.915
24.000,26,461.103,158.209,2,-41.231
24.000,27,62.741,229.329,3,-43.953
24.000,28,368.587,432.891,8,-42.782
24.000,29,202.087,49.582,4,-37.207
25.000,0,431.247,136.756,3,-41.676
25.000,1,150.778,200.306,7,-44.277
25.000,2,228.175,243.074,12,-41.446
25.000,3,256.815,403.491,12,-40.547
25.000,4,12.060,10.072,1,-43.826
25.000,5,211.569,357.570,11,-40.928
25.000,6,165.678,103.256,6,-41.515
25.000,7,327.922,316.579,15,-41.591
25.000,8,303.306,303.472,13,-40.178
25.000,9,16.596,150.391,3,-48.520
25.000,10,304.493,463.941,9,-44.956
25.000,11,358.815,406.746,9,-44.990
25.000,12,349.125,234.042,8,-42.360
25.000,13,317.029,216.562,9,-45.229
25.000,14,63.657,458.626,2,-46.094
25.000,15,207.003,321.485,11,-42.108
25.000,16,237.650,377.877,12,-40.183
25.000,17,209.869,135.508,8,-44.001
25.000,18,233.040,216.968,11,-45.388
25.000,19,1.582,356.463,2,-40.441
25.000,20,252.269,58.865,4,-33.316
25.000,21,257.256,62.253,4,-33.817
25.000,22,295.450,307.913,13,-39.458
25.000,23,250.839,379.116,13,-39.942
25.000,24,160.233,429.729,7,-43.793
25.000,25,362.200,334.781,11,-42.455
25.000,26,474.715,150.285,1,-37.041
25.000,27,67.341,236.082,3,-46.362
25.000,28,383.524,440.499,6,-44.139
25.000,29,196.535,39.963,4,-42.159
26.000,0,426.529,143.662,3,-43.133
26.000,1,145.826,195.147,7,-44.261
26.000,2,225.348,225.783,12,-45.163
26.000,3,263.484,395.990,12,-41.127
26.000,4,17.974,15.835,1,-53.373
26.000,5,216.289,359.763,12,-41.506
26.000,6,172.543,100.120,7,-42.008
26.000,7,321.138,310.572,13,-41.450
26.000,8,303.552,303.326,13,-38.434
26.000,9,22.492,154.703,3,-49.747
26.000,10,320.428,464.245,7,-45.369
26.000,11,359.046,414.169,9,-44.458
26.000,12,345.348,244.377,8,-43.723
26.000,13,326.833,216.733,9,-42.941
26.000,14,61.963,461.881,2,-52.818
26.000,15,204.464,317.072,11,-41.218
26.000,16,238.061,362.783,13,-42.254
26.000,17,225.953,143.404,8,-43.269
26.000,18,236.846,222.722,12,-45.374
26.000,19,10.744,349.126,2,-46.052
26.000,20,262.446,56.111,4,-28.903
26.000,21,266.610,56.279,4,-29.133
26.000,22,307.332,311.998,13,-38.929
26.000,23,264.199,385.910,12,-40.507
26.000,24,166.292,430.892,6,-43.348
26.000,25,355.453,328.187,12,-42.786
26.000,26,488.326,142.361,1,-42.609
26.000,27,71.942,242.835,3,-43.689
26.000,28,398.461,448.107,5,-42.841
26.000,29,190.984,30.344,4,-44.121
27.000,0,421.811,150.568,3,-42.094
27.000,1,140.875,189.988,7,-43.245
27.000,2,222.521,208.492,11,-45.054
27.000,3,270.152,388.488,11,-41.226
27.000,4,23.887,21.598,1,-48.014
27.000,5,221.010,361.956,10,-39.879
27.000,6,179.408,96.983,7,-45.882
27.000,7,314.354,304.565,13,-40.381
27.000,8,312.882,295.589,13,-40.129
27.000,9,28.388,159.015,3,-47.135
27.000,10,336.364,464.550,6,-41.540
27.000,11,359.278,421.592,9,-43.855
27.000,12,341.571,254.712,9,-40.726
27.000,13,336.636,216.905,9,-43.937
27.000,14,75.255,457.832,2,-46.689
27.000,15,201.926,312.658,13,-43.070
27.000,16,238.473,347.689,13,-41.481
27.000,17,226.264,143.272,8,-42.481
27.000,18,240.652,228.477,13,-43.265
27.000,19,24.076,338.449,2,-46.403
27.000,20,272.624,53.357,4,-33.148
27.000,21,275.965,50.305,4,-35.635
27.000,22,319.214,316.083,14,-41.085
27.000,23,277.559,392.704,12,-41.120
27.000,24,174.172,432.406,6,-45.238
27.000,25,348.707,321.592,14,-42.123
27.000,26,497.653,136.931,1,-44.902
27.000,27,76.542,249.587,4,-42.416
27.000,28,413.398,455.715,4,-43.007
27.000,29,189.887,28.444,4,-43.632
28.000,0,417.094,157.474,3,-40.974
28.000,1,135.924,184.830,7,-43.083
28.000,2,219.695,191.201,10,-43.078
28.000,3,276.820,380.986,12,-41.384
28.000,4,29.800,27.360,1,-41.443
28.000,5,225.730,364.149,12,-44.738
28.000,6,186.273,93.847,6,-45.536
28.000,7,307.570,298.558,13,-40.193
28.000,8,322.608,287.523,13,-39.863
28.000,9,34.284,163.326,3,-45.817
28.000,10,352.300,464.854,5,-38.597
28.000,11,359.509,429.014,9,-43.022
28.000,12,337.793,265.047,13,-42.795
28.000,13,337.097,216.913,9,-42.330
28.000,14,92.433,452.600,2,-43.564
28.000,15,199.387,308.245,14,-44.394
28.000,16,238.884,332.596,12,-40.878
28.000,17,234.901,139.594,8,-41.708
28.000,18,244.457,234.232,12,-40.591
28.000,19,37.408,327.772,2,-46.258
28.000,20,282.801,50.603,4,-36.786
28.000,21,285.320,44.331,4,-37.031
28.000,22,331.097,320.167,13,-40.522
28.000,23,290.919,399.498,12,-43.717
28.000,24,182.053,433.919,6,-46.671
28.000,25,341.961,314.997,12,-40.103
28.000,26,493.209,140.208,1,-38.932
28.000,27,81.142,256.340,4,-43.406
28.000,28,428.334,463.324,2,-38.611
28.000,29,195.233,28.824,4,-38.285
29.000,0,412.376,164.381,4,-42.129
29.000,1,130.972,179.671,7,-45.185
29.000,2,216.868,173.910,10,-44.419
29.000,3,283.489,373.484,13,-41.886
29.000,4,35.713,33.123,1,-47.036
29.000,5,230.451,366.341,13,-44.652
29.000,6,193.138,90.710,6,-44.843
29.000,7,300.786,292.551,12,-40.763
29.000,8,332.334,279.457,12,-39.725
29.000,9,40.180,167.638,4,-48.539
29.000,10,368.236,465.158,5,-42.237
29.000,11,359.741,436.437,7,-43.986
29.000,12,334.016,275.382,12,-39.043
29.000,13,343.781,206.195,10,-43.936
29.000,14,109.611,447.367,3,-45.427
29.000,15,196.849,303.832,15,-44.898
29.000,16,239.295,317.502,12,-42.369
29.000,17,243.538,135.916,8,-41.316
29.000,18,248.263,239.987,13,-41.191
29.000,19,50.740,317.095,4,-46.898
29.000,20,292.978,47.850,5,-39.919
29.000,21,294.400,38.532,4,-33.467
29.000,22,342.979,324.252,13,-41.340
29.000,23,304.280,406.292,12,-42.419
29.000,24,189.933,435.432,6,-43.810
29.000,25,335.215,308.403,12,-39.510
29.000,26,479.090,150.617,2,-45.347
29.000,27,85.742,263.093,4,-42.881
29.000,28,443.271,470.932,2,-39.204
29.000,29,201.895,29.297,5,-44.873
30.000,0,407.658,171.287,4,-40.594
30.000,1,126.021,174.512,8,-46.159
30.000,2,214.041,156.619,10,-45.732
30.000,3,290.157,365.983,13,-42.868
30.000,4,41.626,38.886,1,-47.110
30.000,5,235.171,368.534,13,-45.093
30.000,6,200.003,87.574,6,-41.143
30.000,7,294.002,286.544,11,-38.203
30.000,8,342.060,271.390,11,-41.123
30.000,9,46.076,171.950,4,-49.439
30.000,10,384.172,465.462,5,-40.888
30.000,11,359.972,443.860,7,-42.769
30.000,12,330.239,285.717,12,-38.892
30.000,13,350.796,194.948,10,-44.505
30.000,14,126.788,442.135,3,-41.438
30.000,15,194.310,299.419,12,-44.438
30.000,16,239.706,302.409,12,-42.059
30.000,17,252.176,132.238,8,-42.377
30.000,18,252.069,245.742,13,-43.184
30.000,19,64.073,306.419,5,-45.437
30.000,20,303.156,45.096,5,-40.686
30.000,21,294.524,38.965,5,-39.455
30.000,22,354.861,328.337,12,-42.921
30.000,23,317.640,413.086,12,-44.077
30.000,24,197.814,436.946,6,-45.811
30.000,25,328.469,301.808,12,-39.607
30.000,26,464.971,161.027,2,-41.546
30.000,27,90.342,269.845,4,-43.801
30.000,28,452.537,475.651,3,-47.442
30.000,29,208.556,29.771,5,-43.240
31.000,0,402.940,178.193,5,-46.367
31.000,1,121.070,169.353,8,-46.616
31.000,2,211.214,139.328,7,-45.947
31.000,3,296.825,358.481,13,-43.107
31.000,4,47.539,44.649,2,-47.177
31.000,5,239.892,370.727,12,-44.329
31.000,6,206.868,84.437,6,-40.891
31.000,7,287.218,280.537,11,-39.820
31.000,8,351.786,263.324,10,-43.775
31.000,9,51.972,176.262,4,-44.516
31.000,10,400.107,465.767,5,-43.458
31.000,11,360.204,451.283,6,-43.197
31.000,12,326.461,296.052,12,-38.226
31.000,13,357.810,183.701,11,-46.012
31.000,14,143.966,436.903,3,-46.355
31.000,15,191.771,295.005,12,-45.180
31.000,16,240.118,287.315,10,-40.943
31.000,17,260.813,128.560,8,-44.930
31.000,18,255.875,251.496,12,-40.996
31.000,19,77.405,295.742,4,-42.408
31.000,20,313.333,42.342,6,-43.076
31.000,21,298.756,53.715,6,-35.759
31.000,22,366.743,332.422,12,-41.464
31.000,23,331.000,419.880,10,-43.613
31.000,24,205.695,438.459,5,-43.392
31.000,25,321.723,295.214,12,-39.216
31.000,26,450.852,171.436,3,-39.752
31.000,27,94.942,276.598,5,-40.226
31.000,28,452.594,473.551,3,-40.242
31.000,29,215.218,30.244,5,-42.014
32.000,0,398.222,185.099,7,-38.794
32.000,1,116.118,164.194,7,-47.081
32.000,2,208.388,122.037,7,-40.474
32.000,3,303.494,350.979,12,-41.010
32.000,4,53.452,50.411,2,-51.213
32.000,5,244.612,372.920,12,-42.911
32.000,6,213.732,81.301,6,-42.682
32.000,7,280.434,274.530,11,-38.944
32.000,8,361.512,255.258,10,-39.516
32.000,9,57.868,180.574,4,-43.793
32.000,10,416.043,466.071,4,-40.928
32.000,11,360.435,458.706,7,-43.179
32.000,12,322.684,306.387,12,-40.987
32.000,13,364.824,172.454,10,-44.896
32.000,14,161.144,431.670,3,-46.272
32.000,15,189.233,290.592,11,-43.891
32.000,16,240.529,272.221,9,-41.467
32.000,17,269.450,124.882,8,-41.796
32.000,18,259.681,257.251,12,-40.997
32.000,19,90.737,285.065,4,-37.240
32.000,20,323.510,39.588,6,-44.954
32.000,21,302.988,68.465,6,-41.384
32.000,22,378.625,336.506,10,-41.821
32.000,23,344.361,426.675,9,-41.859
32.000,24,213.575,439.972,5,-41.320
32.000,25,314.977,288.619,12,-41.951
32.000,26,436.734,181.845,3,-38.566
32.000,27,98.728,282.156,5,-38.775
32.000,28,452.745,468.019,3,-40.406
32.000,29,221.879,30.718,5,-43.235
33.000,0,393.504,192.005,10,-44.770
33.000,1,115.883,163.950,7,-44.167
33.000,2,205.561,104.746,6,-39.378
33.000,3,310.162,343.477,12,-42.691
33.000,4,59.366,56.174,2,-50.688
33.000,5,249.332,375.113,12,-43.913
33.000,6,220.597,78.164,6,-38.532
33.000,7,273.650,268.523,12,-38.612
33.000,8,371.238,247.192,10,-42.246
33.000,9,63.764,184.886,4,-42.639
33.000,10,431.979,466.375,4,-38.191
33.000,11,360.667,466.129,7,-42.843
33.000,12,318.906,316.723,11,-42.196
33.000,13,371.838,161.207,9,-42.832
33.000,14,178.321,426.438,3,-41.410
33.000,15,186.694,286.179,11,-44.727
33.000,16,240.940,257.128,11,-42.838
33.000,17,278.087,121.204,10,-45.469
33.000,18,263.487,263.006,12,-39.796
33.000,19,104.070,274.388,5,-38.224
33.000,20,333.688,36.834,6,-42.735
33.000,21,307.220,83.216,7,-40.753
33.000,22,390.508,340.591,12,-45.253
33.000,23,357.721,433.469,8,-39.537
33.000,24,221.456,441.486,5,-40.685
33.000,25,308.231,282.025,12,-39.996
33.000,26,422.615,192.255,4,-37.375
33.000,27,100.026,280.441,5,-36.160
33.000,28,452.896,462.488,4,-39.929
33.000,29,228.541,31.191,5,-38.448
34.000,0,388.786,198.912,10,-44.516
34.000,1,114.506,147.617,6,-45.342
34.000,2,202.734,87.455,6,-41.107
34.000,3,316.831,335.976,13,-43.412
34.000,4,65.279,61.937,3,-43.187
34.000,5,254.053,377.306,11,-47.107
34.000,6,227.462,75.028,6,-40.450
34.000,7,266.866,262.516,11,-38.861
34.000,8,380.964,239.126,10,-44.262
34.000,9,69.659,189.198,5,-42.364
34.000,10,447.915,466.679,4,-35.386
34.000,11,360.864,472.455,7,-45.442
34.000,12,315.129,327.058,12,-40.822
34.000,13,378.852,149.961,7,-43.036
34.000,14,195.499,421.205,4,-43.124
34.000,15,184.155,281.766,11,-44.226
34.000,16,241.352,242.034,11,-41.838
34.000,17,286.725,117.526,10,-43.368
34.000,18,267.293,268.761,10,-37.623
34.000,19,117.402,263.711,7,-40.684
34.000,20,343.865,34.080,5,-45.205
34.000,21,311.452,97.966,8,-41.063
34.000,22,402.390,344.676,10,-45.753
34.000,23,366.176,437.768,8,-42.532
34.000,24,229.337,442.999,6,-42.091
34.000,25,301.485,275.430,12,-41.060
34.000,26,408.496,202.664,7,-42.183
34.000,27,107.356,270.749,5,-38.946
34.000,28,453.046,456.956,4,-36.258
34.000,29,235.202,31.665,5,-38.594
35.000,0,384.068,205.818,11,-42.352
35.000,1,113.059,130.471,6,-44.728
35.000,2,199.907,70.163,6,-42.520
35.000,3,323.499,328.474,14,-44.811
35.000,4,71.192,67.700,3,-43.884
35.000,5,258.773,379.499,10,-43.168
35.000,6,234.327,71.891,6,-38.561
35.000,7,260.082,256.508,13,-43.365
35.000,8,390.690,231.059,11,-41.616
35.000,9,75.555,193.510,5,-43.276
35.000,10,463.850,466.984,4,-38.405
35.000,11,359.809,470.026,8,-46.296
35.000,12,311.352,337.393,14,-44.121
35.000,13,385.866,138.714,6,-40.196
35.000,14,212.677,415.973,6,-40.538
35.000,15,181.617,277.353,10,-43.428
35.000,16,241.763,226.941,12,-42.964
35.000,17,295.362,113.848,10,-43.841
35.000,18,271.099,274.516,11,-37.831
35.000,19,130.734,253.034,7,-40.835
35.000,20,354.042,31.327,5,-45.052
35.000,21,315.684,112.716,10,-44.946
35.000,22,414.272,348.760,10,-45.678
35.000,23,359.403,438.180,9,-45.478
35.000,24,237.217,444.512,6,-43.300
35.000,25,294.739,268.835,11,-39.548
35.000,26,394.377,213.073,11,-41.965
35.000,27,114.687,261.058,6,-43.053
35.000,28,453.197,451.425,4,-37.452
35.000,29,241.864,32.139,5,-39.468
36.000,0,379.350,212.724,11,-40.578
36.000,1,111.613,113.324,6,-43.732
36.000,2,199.613,68.367,7,-41.138
36.000,3,330.167,320.972,13,-44.633
36.000,4,77.105,73.463,3,-44.567
36.000,5,263.494,381.691,10,-41.943
36.000,6,241.192,68.755,7,-43.121
36.000,7,253.298,250.501,14,-42.552
36.000,8,400.416,222.993,10,-45.738
36.000,9,81.451,197.822,5,-43.810
36.000,10,479.786,467.288,4,-42.052
36.000,11,352.673,453.597,9,-41.748
36.000,12,307.574,347.728,12,-42.022
36.000,13,392.880,127.467,6,-44.634
36.000,14,229.854,410.740,8,-44.044
36.000,15,179.078,272.939,10,-42.271
36.000,16,242.174,211.847,13,-45.510
36.000,17,303.999,110.170,11,-45.116
36.000,18,274.905,280.270,12,-40.494
36.000,19,144.066,242.357,8,-40.992
36.000,20,364.220,28.573,5,-45.441
36.000,21,319.916,127.467,12,-41.816
36.000,22,426.154,352.845,9,-45.323
36.000,23,340.955,439.302,9,-42.780
36.000,24,245.098,446.026,5,-40.695
36.000,25,287.993,262.241,12,-43.776
36.000,26,380.258,223.483,12,-42.929
36.000,27,122.017,251.366,6,-42.236
36.000,28,453.348,445.893,4,-42.583
36.000,29,248.526,32.612,5,-42.190
37.000,0,374.633,219.630,10,-40.628
37.000,1,110.166,96.178,6,-43.970
37.000,2,193.651,80.510,7,-41.122
37.000,3,336.836,313.470,12,-44.059
37.000,4,83.018,79.225,3,-40.811
37.000,5,268.214,383.884,10,-39.553
37.000,6,248.057,65.618,7,-43.503
37.000,7,246.514,244.494,12,-42.861
37.000,8,410.143,214.927,9,-44.387
37.000,9,87.347,202.134,5,-41.550
37.000,10,495.722,467.592,2,-46.132
37.000,11,345.537,437.169,8,-42.196
37.000,12,303.797,358.063,11,-42.870
37.000,13,397.506,120.050,6,-42.345
37.000,14,247.032,405.508,7,-40.880
37.000,15,176.540,268.526,8,-41.607
37.000,16,242.585,196.753,12,-43.910
37.000,17,312.636,106.492,10,-42.994
37.000,18,278.711,286.025,12,-41.416
37.000,19,157.399,231.680,8,-40.538
37.000,20,374.397,25.819,5,-45.142
37.000,21,324.148,142.217,12,-43.532
37.000,22,438.036,356.930,8,-48.627
37.000,23,322.506,440.424,8,-42.838
37.000,24,252.978,447.539,5,-40.432
37.000,25,281.247,255.646,12,-41.898
37.000,26,366.139,233.892,12,-43.093
37.000,27,129.347,241.675,6,-42.501
37.000,28,453.499,440.362,4,-39.563
37.000,29,255.187,33.086,5,-39.690
38.000,0,369.915,226.536,10,-42.069
38.000,1,108.720,79.032,4,-37.830
38.000,2,186.997,94.061,9,-45.011
38.000,3,343.504,305.969,13,-44.445
38.000,4,88.931,84.988,3,-33.608
38.000,5,272.935,386.077,9,-40.059
38.000,6,254.922,62.482,7,-40.309
38.000,7,243.605,241.918,12,-43.927
38.000,8,419.869,206.861,6,-44.358
38.000,9,93.243,206.446,6,-42.007
38.000,10,499.504,467.664,2,-42.611
38.000,11,338.401,420.741,9,-43.741
38.000,12,300.020,368.398,10,-41.343
38.000,13,399.817,116.152,6,-44.751
38.000,14,264.210,400.275,7,-38.552
38.000,15,174.001,264.113,7,-39.105
38.000,16,242.997,181.660,13,-42.904
38.000,17,321.274,102.814,10,-46.628
38.000,18,282.517,291.780,13,-42.748
38.000,19,170.731,221.003,8,-40.486
38.000,20,384.574,23.065,5,-50.725
38.000,21,328.380,156.967,13,-44.626
38.000,22,449.918,361.014,4,-44.568
38.000,23,304.058,441.545,7,-39.965
38.000,24,260.859,449.052,5,-35.166
38.000,25,274.500,249.052,12,-41.954
38.000,26,352.021,244.301,11,-42.314
38.000,27,136.678,231.984,7,-42.841
38.000,28,453.650,434.830,4,-42.189
38.000,29,261.849,33.559,6,-43.740
39.000,0,365.197,233.443,10,-43.933
39.000,1,107.273,61.886,3,-37.524
39.000,2,180.343,107.612,10,-48.558
39.000,3,350.172,298.467,12,-45.855
39.000,4,94.844,90.751,5,-43.551
39.000,5,277.655,388.270,9,-36.810
39.000,6,261.787,59.345,6,-42.390
39.000,7,240.436,239.428,12,-42.928
39.000,8,429.595,198.795,6,-44.035
39.000,9,99.139,210.758,7,-47.409
39.000,10,489.853,468.394,2,-37.463
39.000,11,331.265,404.312,10,-42.854
39.000,12,296.242,378.733,9,-40.424
39.000,13,406.606,104.703,5,-44.702
39.000,14,281.388,395.043,7,-31.617
39.000,15,171.462,259.700,7,-41.282
39.000,16,243.408,166.566,13,-46.402
39.000,17,329.911,99.136,9,-43.052
39.000,18,286.323,297.535,14,-41.975
39.000,19,184.063,210.326,9,-42.621
39.000,20,394.752,20.311,4,-44.473
39.000,21,332.611,171.718,11,-44.228
39.000,22,461.223,364.901,4,-42.519
39.000,23,285.610,442.667,6,-37.799
39.000,24,268.740,450.565,5,-35.377
39.000,25,267.754,242.457,12,-42.228
39.000,26,337.902,254.711,11,-40.895
39.000,27,144.008,222.292,8,-43.175
39.000,28,453.801,429.298,3,-42.411
39.000,29,268.510,34.033,5,-40.710
40.000,0,360.479,240.349,9,-42.077
40.000,1,105.827,44.739,2,-41.775
40.000,2,173.689,121.163,11,-45.354
40.000,3,356.841,290.965,12,-42.063
40.000,4,100.757,96.514,5,-40.968
40.000,5,282.375,390.463,8,-37.425
40.000,6,268.651,56.209,7,-43.776
40.000,7,234.889,235.067,12,-41.532
40.000,8,439.321,190.729,6,-45.211
40.000,9,105.035,215.070,6,-45.775
40.000,10,477.199,469.350,2,-35.480
40.000,11,324.129,387.884,10,-42.036
40.000,12,295.420,380.983,9,-37.554
40.000,13,413.394,93.254,5,-43.087
40.000,14,298.565,389.810,8,-34.278
40.000,15,168.924,255.286,8,-42.566
40.000,16,243.819,151.473,12,-42.676
40.000,17,338.548,95.458,8,-44.533
40.000,18,290.129,303.290,14,-43.885
40.000,19,196.241,200.574,11,-43.545
40.000,20,402.949,18.093,4,-45.289
40.000,21,336.843,186.468,12,-43.888
40.000,22,460.977,363.964,4,-44.728
40.000,23,267.161,443.789,6,-38.238
40.000,24,276.620,452.079,6,-39.336
40.000,25,261.008,235.862,12,-40.705
40.000,26,323.783,265.120,13,-43.174
40.000,27,151.339,212.601,8,-38.655
40.000,28,453.951,423.767,3,-37.988
40.000,29,275.172,34.506,5,-43.831
41.000,0,355.761,247.255,11,-44.542
41.000,1,104.380,27.593,2,-44.719
41.000,2,167.035,134.714,10,-42.986
41.000,3,363.509,283.464,12,-41.250
41.000,4,106.671,102.276,6,-44.532
41.000,5,287.096,392.656,8,-37.547
41.000,6,275.516,53.072,6,-42.333
41.000,7,229.343,230.707,12,-41.666
41.000,8,449.047,182.662,5,-48.784
41.000,9,110.931,219.382,7,-46.756
41.000,10,464.546,470.307,2,-40.227
41.000,11,316.993,371.455,11,-37.834
41.000,12,298.000,377.896,9,-35.778
41.000,13,420.182,81.806,6,-47.638
41.000,14,315.743,384.578,11,-40.339
41.000,15,166.385,250.873,9,-42.728
41.000,16,244.046,143.166,12,-46.284
41.000,17,347.185,91.780,7,-44.196
41.000,18,293.935,309.044,14,-43.730
41.000,19,197.245,201.469,11,-40.339
41.000,20,401.424,20.112,4,-44.356
41.000,21,339.996,197.459,11,-44.427
41.000,22,455.913,344.692,6,-46.237
41.000,23,248.713,444.911,6,-42.792
41.000,24,284.501,453.592,6,-41.281
41.000,25,254.262,229.268,12,-44.131
41.000,26,309.664,275.529,13,-43.624
41.000,27,158.669,202.910,8,-36.730
41.000,28,454.102,418.235,4,-43.764
41.000,29,281.833,34.980,5,-41.021
42.000,0,351.043,254.161,12,-41.494
42.000,1,102.934,10.447,2,-48.154
42.000,2,160.381,148.265,9,-40.039
42.000,3,370.177,275.962,11,-43.701
42.000,4,112.584,108.039,7,-45.710
42.000,5,291.816,394.849,8,-36.521
42.000,6,282.381,49.936,5,-38.820
42.000,7,223.796,226.346,11,-39.563
42.000,8,458.773,174.596,5,-48.321
42.000,9,116.827,223.693,7,-43.973
42.000,10,451.892,471.263,2,-45.835
42.000,11,309.857,355.027,11,-41.206
42.000,12,301.298,373.950,9,-38.388
42.000,13,426.970,70.357,5,-43.557
42.000,14,332.921,379.346,11,-41.244
42.000,15,163.846,246.460,9,-41.701
42.000,16,245.533,145.154,12,-45.160
42.000,17,348.975,91.018,7,-44.279
42.000,18,297.741,314.799,13,-41.362
42.000,19,208.840,211.814,12,-40.049
42.000,20,393.588,30.485,4,-37.973
42.000,21,339.807,201.974,10,-44.545
42.000,22,450.849,325.420,6,-43.942
42.000,23,230.264,446.032,6,-45.814
42.000,24,292.381,455.105,6,-44.747
42.000,25,247.516,222.673,13,-41.870
42.000,26,295.545,285.939,13,-42.235
42.000,27,165.999,193.218,8,-39.040
42.000,28,454.253,412.704,3,-44.975
42.000,29,288.495,35.453,5,-38.777
43.000,0,346.325,261.068,13,-44.392
43.000,1,102.343,3.445,1,-50.107
43.000,2,153.727,161.815,8,-39.790
43.000,3,376.846,268.460,10,-41.926
43.000,4,118.497,113.802,8,-47.441
43.000,5,296.537,397.041,8,-37.847
43.000,6,289.246,46.799,5,-35.480
43.000,7,218.249,221.986,13,-39.542
43.000,8,468.499,166.530,5,-45.335
43.000,9,122.723,228.005,8,-44.247
43.000,10,439.238,472.220,3,-44.665
43.000,11,302.721,338.599,14,-41.770
43.000,12,304.595,370.005,9,-38.716
43.000,13,433.758,58.908,5,-42.479
43.000,14,350.098,374.113,11,-43.858
43.000,15,161.308,242.047,9,-41.621
43.000,16,248.841,149.575,13,-44.757
43.000,17,361.038,91.483,7,-41.012
43.000,18,301.547,320.554,13,-41.833
43.000,19,220.434,222.159,13,-38.750
43.000,20,385.752,40.858,4,-39.513
43.000,21,339.063,219.689,12,-42.304
43.000,22,445.785,306.148,8,-45.074
43.000,23,211.816,447.154,4,-45.566
43.000,24,300.262,456.619,7,-42.213
43.000,25,240.770,216.079,13,-40.151
43.000,26,281.426,296.348,12,-41.383
43.000,27,173.330,183.527,8,-38.007
43.000,28,454.404,407.172,3,-44.307
43.000,29,295.156,35.927,5,-40.046
44.000,0,341.607,267.974,13,-41.355
44.000,1,106.051,8.492,1,-45.726
44.000,2,147.073,175.366,8,-38.897
44.000,3,383.514,260.958,9,-41.489
44.000,4,124.410,119.565,8,-48.310
44.000,5,301.257,399.234,9,-43.045
44.000,6,296.111,43.663,5,-39.178
44.000,7,212.702,217.625,13,-39.383
44.000,8,478.225,158.464,5,-43.925
44.000,9,128.619,232.317,8,-43.186
44.000,10,426.585,473.176,4,-46.907
44.000,11,295.585,322.170,13,-40.997
44.000,12,307.893,366.059,10,-41.821
44.000,13,438.507,50.900,5,-39.591
44.000,14,367.276,368.881,12,-44.047
44.000,15,158.769,237.633,9,-41.471
44.000,16,252.150,153.997,13,-44.982
44.000,17,376.253,92.069,6,-43.536
44.000,18,305.353,326.309,13,-40.658
44.000,19,232.029,232.504,12,-40.768
44.000,20,377.915,51.231,5,-37.837
44.000,21,338.318,237.404,12,-43.664
44.000,22,440.721,286.877,8,-45.435
44.000,23,193.368,448.276,3,-46.633
44.000,24,308.143,458.132,7,-43.381
44.000,25,234.024,209.484,13,-39.830
44.000,26,267.308,306.757,12,-41.893
44.000,27,180.660,173.836,8,-36.943
44.000,28,454.555,401.641,3,-43.618
44.000,29,301.818,36.401,5,-41.932
45.000,0,336.890,274.880,13,-40.908
45.000,1,112.317,17.023,1,-50.303
45.000,2,140.420,188.917,8,-40.286
45.000,3,390.182,253.457,10,-44.792
45.000,4,130.323,125.328,8,-44.885
45.000,5,305.978,401.427,11,-44.511
45.000,6,302.976,40.526,5,-37.604
45.000,7,207.155,213.265,12,-41.520
45.000,8,487.951,150.398,5,-49.631
45.000,9,134.514,236.629,9,-40.849
45.000,10,413.931,474.132,4,-45.734
45.000,11,288.449,305.742,11,-38.397
45.000,12,311.191,362.114,11,-42.804
45.000,13,438.429,52.493,5,-42.525
45.000,14,384.454,363.648,12,-45.443
45.000,15,156.231,233.220,9,-40.612
45.000,16,255.458,158.419,12,-47.297
45.000,17,391.468,92.655,5,-39.376
45.000,18,308.959,331.762,11,-41.189
45.000,19,243.623,242.848,14,-42.781
45.000,20,370.079,61.604,5,-42.856
45.000,21,337.574,255.118,13,-44.097
45.000,22,435.656,267.605,7,-45.924
45.000,23,174.919,449.398,2,-47.328
45.000,24,316.023,459.645,6,-42.934
45.000,25,227.278,202.890,12,-41.455
45.000,26,260.803,311.553,13,-42.465
45.000,27,187.990,164.144,8,-41.470
45.000,28,454.706,396.109,5,-45.266
45.000,29,308.479,36.874,5,-36.186
46.000,0,332.172,281.786,13,-39.511
46.000,1,118.584,25.554,1,-47.114
46.000,2,133.766,202.468,8,-38.287
46.000,3,396.851,245.955,10,-43.412
46.000,4,136.236,131.090,8,-44.382
46.000,5,310.698,403.620,10,-41.455
46.000,6,309.841,37.390,5,-36.703
46.000,7,201.608,208.904,12,-41.368
46.000,8,491.601,147.370,5,-48.525
46.000,9,140.410,240.941,10,-42.558
46.000,10,401.277,475.089,5,-44.261
46.000,11,281.313,289.313,14,-41.455
46.000,12,314.488,358.168,12,-42.208
46.000,13,438.169,57.795,5,-41.616
46.000,14,384.603,363.603,12,-44.759
46.000,15,153.692,228.807,10,-40.191
46.000,16,258.766,162.840,15,-45.765
46.000,17,406.684,93.241,5,-43.197
46.000,18,308.593,331.229,11,-39.953
46.000,19,255.218,253.193,14,-42.200
46.000,20,362.243,71.977,6,-41.943
46.000,21,337.063,267.294,13,-40.624
46.000,22,430.592,248.333,7,-46.588
46.000,23,156.471,450.519,0,-1000.000
46.000,24,323.904,461.159,6,-44.958
46.000,25,220.532,196.295,12,-41.330
46.000,26,270.785,308.008,14,-41.423
46.000,27,195.321,154.453,8,-40.657
46.000,28,454.857,390.578,6,-45.476
46.000,29,315.141,37.348,5,-38.846
47.000,0,327.454,288.692,11,-37.151
47.000,1,124.851,34.086,2,-44.831
47.000,2,127.112,216.019,8,-41.357
47.000,3,403.519,238.453,11,-44.324
47.000,4,142.149,136.853,8,-42.831
47.000,5,315.418,405.813,10,-44.257
47.000,6,316.706,34.253,5,-38.564
47.000,7,196.061,204.544,10,-36.056
47.000,8,483.083,152.018,5,-46.194
47.000,9,146.306,245.253,9,-42.186
47.000,10,388.623,476.045,5,-43.523
47.000,11,274.176,272.885,15,-39.536
47.000,12,317.786,354.223,12,-42.441
47.000,13,437.909,63.097,5,-44.602
47.000,14,385.634,345.582,13,-43.583
47.000,15,151.153,224.394,9,-38.732
47.000,16,262.074,167.262,15,-45.013
47.000,17,421.899,93.827,7,-43.805
47.000,18,301.616,321.074,10,-36.755
47.000,19,266.812,263.538,15,-40.008
47.000,20,354.407,82.350,6,-42.815
47.000,21,334.865,267.818,12,-40.393
47.000,22,425.528,229.061,6,-43.035
47.000,23,138.022,451.641,0,-1000.000
47.000,24,331.784,462.672,6,-44.532
47.000,25,213.786,189.700,11,-40.271
47.000,26,289.294,301.434,12,-39.044
47.000,27,202.651,144.762,10,-40.393
47.000,28,455.007,385.046,5,-44.545
47.000,29,321.803,37.821,5,-37.548
48.000,0,322.736,295.599,11,-37.584
48.000,1,131.118,42.617,2,-44.649
48.000,2,120.458,229.570,7,-39.743
48.000,3,410.187,230.951,11,-43.315
48.000,4,148.063,142.616,8,-39.960
48.000,5,320.139,408.006,10,-42.677
48.000,6,323.570,31.117,4,-39.817
48.000,7,190.514,200.184,9,-38.513
48.000,8,469.448,159.458,5,-45.563
48.000,9,152.202,249.565,9,-41.403
48.000,10,375.970,477.002,5,-47.492
48.000,11,267.040,256.457,15,-44.780
48.000,12,321.084,350.277,12,-41.237
48.000,13,437.649,68.399,6,-42.362
48.000,14,386.673,327.404,13,-43.571
48.000,15,148.615,219.981,9,-38.182
48.000,16,265.383,171.683,14,-45.373
48.000,17,437.114,94.413,7,-42.171
48.000,18,294.640,310.920,10,-38.773
48.000,19,278.407,273.883,14,-41.071
48.000,20,346.571,92.723,8,-44.493
48.000,21,327.835,269.494,12,-39.787
48.000,22,420.464,209.789,9,-44.909
48.000,23,119.574,452.763,0,-1000.000
48.000,24,339.665,464.185,5,-42.014
48.000,25,207.040,183.106,10,-40.881
48.000,26,307.803,294.860,11,-35.587
48.000,27,209.982,135.070,10,-42.475
48.000,28,455.158,379.515,5,-46.808
48.000,29,328.464,38.295,5,-38.891
49.000,0,318.018,302.505,11,-36.116
49.000,1,137.385,51.148,3,-44.360
49.000,2,113.804,243.121,6,-44.044
49.000,3,416.856,223.450,9,-43.906
49.000,4,153.976,148.379,9,-40.444
49.000,5,324.859,410.199,10,-44.057
49.000,6,330.435,27.980,5,-40.529
49.000,7,184.967,195.823,10,-39.704
49.000,8,455.813,166.898,5,-40.858
49.000,9,158.098,253.877,10,-42.545
49.000,10,363.316,477.958,4,-40.018
49.000,11,259.904,240.028,15,-43.331
49.000,12,324.382,346.331,11,-42.306
49.000,13,437.389,73.701,6,-40.492
49.000,14,387.713,309.226,11,-41.766
49.000,15,146.076,215.567,8,-40.176
49.000,16,268.691,176.105,14,-44.501
49.000,17,452.330,94.999,7,-43.431
49.000,18,287.664,300.766,11,-39.707
49.000,19,290.001,284.228,13,-41.638
49.000,20,338.735,103.096,9,-46.365
49.000,21,320.804,271.170,11,-38.343
49.000,22,415.400,190.517,10,-44.740
49.000,23,101.126,453.884,0,-1000.000
49.000,24,347.546,465.699,4,-43.494
49.000,25,200.294,176.511,10,-39.622
49.000,26,326.313,288.286,11,-36.120
49.000,27,217.312,125.379,11,-43.969
49.000,28,455.309,373.983,5,-47.173
49.000,29,335.126,38.768,5,-41.119
50.000,0,313.300,309.411,10,-38.757
50.000,1,143.652,59.679,4,-46.954
50.000,2,107.150,256.672,6,-43.018
50.000,3,423.524,215.948,10,-42.208
50.000,4,159.889,154.142,9,-41.833
50.000,5,329.580,412.391,10,-44.872
50.000,6,337.300,24.844,5,-42.806
50.000,7,179.420,191.463,10,-40.655
50.000,8,442.178,174.337,7,-41.023
50.000,9,163.994,258.189,9,-43.582
50.000,10,350.662,478.915,3,-36.336
50.000,11,252.768,223.600,15,-42.096
50.000,12,327.679,342.386,11,-44.186
50.000,13,437.129,79.003,7,-41.914
50.000,14,388.753,291.048,11,-43.461
50.000,15,143.537,211.154,8,-38.125
50.000,16,271.999,180.526,14,-44.510
50.000,17,467.545,95.585,7,-43.755
50.000,18,280.688,290.612,12,-40.681
50.000,19,301.596,294.572,11,-36.170
50.000,20,330.899,113.469,11,-46.199
50.000,21,313.774,272.846,11,-37.970
50.000,22,410.336,171.245,10,-44.856
50.000,23,82.677,455.006,0,-1000.000
50.000,24,353.926,466.924,4,-40.605
50.000,25,193.547,169.917,11,-41.582
50.000,26,344.822,281.712,13,-40.007
50.000,27,224.642,115.688,10,-44.957
50.000,28,455.460,368.452,5,-49.897
50.000,29,341.787,39.242,6,-41.987
51.000,0,308.582,316.317,10,-36.557
51.000,1,149.918,68.210,5,-43.190
51.000,2,100.496,270.223,5,-45.669
51.000,3,430.193,208.446,8,-40.157
51.000,4,165.802,159.904,9,-41.198
51.000,5,334.286,414.578,9,-46.393
51.000,6,344.165,21.707,5,-42.505
51.000,7,173.873,187.102,10,-39.488
51.000,8,428.543,181.777,7,-40.632
51.000,9,169.890,262.501,11,-45.077
51.000,10,338.009,479.871,3,-35.251
51.000,11,245.632,207.172,13,-42.318
51.000,12,330.977,338.440,10,-40.489
51.000,13,436.869,84.305,7,-43.820
51.000,14,389.793,272.870,11,-41.120
51.000,15,140.999,206.741,9,-42.087
51.000,16,275.307,184.948,15,-45.089
51.000,17,476.369,95.925,5,-41.494
51.000,18,273.711,280.457,12,-40.006
51.000,19,313.190,304.917,10,-38.278
51.000,20,323.063,123.842,10,-44.961
51.000,21,306.744,274.522,11,-38.740
51.000,22,405.271,151.973,10,-42.905
51.000,23,64.229,456.128,0,-1000.000
51.000,24,354.829,464.331,4,-37.473
51.000,25,186.801,163.322,11,-38.902
51.000,26,363.331,275.138,13,-41.364
51.000,27,231.973,105.996,10,-45.091
51.000,28,455.611,362.920,5,-46.896
51.000,29,348.449,39.716,6,-43.318
52.000,0,303.864,323.223,11,-40.383
52.000,1,156.185,76.741,5,-43.884
52.000,2,93.842,283.774,4,-46.912
52.000,3,436.861,200.945,7,-42.090
52.000,4,171.715,165.667,11,-39.797
52.000,5,334.280,414.530,7,-42.179
52.000,6,346.653,20.570,6,-45.650
52.000,7,168.326,182.742,10,-41.048
52.000,8,414.908,189.217,9,-42.692
52.000,9,175.786,266.813,10,-42.747
52.000,10,325.355,480.827,3,-35.380
52.000,11,243.219,201.615,12,-43.198
52.000,12,334.275,334.495,10,-41.543
52.000,13,436.609,89.607,7,-43.052
52.000,14,390.833,254.692,12,-41.012
52.000,15,138.460,202.328,10,-43.864
52.000,16,278.616,189.369,16,-43.838
52.000,17,471.507,98.682,6,-39.759
52.000,18,266.735,270.303,14,-41.656
52.000,19,324.785,315.262,11,-41.546
52.000,20,315.226,134.215,15,-48.478
52.000,21,299.714,276.198,12,-42.306
52.000,22,400.207,132.701,10,-43.732
52.000,23,45.780,457.250,0,-1000.000
52.000,24,359.574,450.716,6,-41.705
52.000,25,180.055,156.727,10,-40.237
52.000,26,381.841,268.564,12,-42.857
52.000,27,232.917,104.748,10,-43.646
52.000,28,455.762,357.388,6,-46.396
52.000,29,355.110,40.189,6,-45.206
53.000,0,299.146,330.130,11,-41.782
53.000,1,162.452,85.272,5,-41.798
53.000,2,92.758,285.982,4,-47.546
53.000,3,443.529,193.443,7,-41.434
53.000,4,177.628,171.430,11,-38.970
53.000,5,332.309,398.259,7,-39.629
53.000,6,344.335,24.467,6,-43.910
53.000,7,162.780,178.381,11,-39.347
53.000,8,401.272,196.657,11,-44.024
53.000,9,181.682,271.125,10,-43.109
53.000,10,312.701,481.784,2,-41.932
53.000,11,250.438,207.103,13,-42.929
53.000,12,337.572,330.549,11,-41.073
53.000,13,436.349,94.909,8,-39.801
53.000,14,391.873,236.514,15,-43.708
53.000,15,135.922,197.914,10,-44.560
53.000,16,281.924,193.791,17,-44.215
53.000,17,459.932,105.247,7,-41.086
53.000,18,259.759,260.149,14,-43.148
53.000,19,336.379,325.607,12,-41.046
53.000,20,307.390,144.588,16,-46.327
53.000,21,292.684,277.874,12,-42.465
53.000,22,399.214,128.920,10,-43.608
53.000,23,27.332,458.371,0,-1000.000
53.000,24,364.319,437.101,6,-45.839
53.000,25,173.309,150.133,10,-39.296
53.000,26,400.350,261.990,12,-44.031
53.000,27,237.874,97.126,10,-42.562
53.000,28,455.912,351.857,6,-48.863
53.000,29,361.772,40.663,6,-42.191
54.000,0,294.429,337.036,11,-44.855
54.000,1,168.719,93.804,6,-43.314
54.000,2,101.216,288.602,4,-43.829
54.000,3,450.198,185.941,6,-41.468
54.000,4,183.541,177.193,12,-40.238
54.000,5,330.337,381.988,7,-41.057
54.000,6,340.697,30.579,6,-44.498
54.000,7,157.233,174.021,11,-41.451
54.000,8,387.637,204.097,13,-41.196
54.000,9,187.578,275.437,10,-44.086
54.000,10,300.048,482.740,3,-45.611
54.000,11,261.346,215.395,16,-44.366
54.000,12,340.870,326.604,12,-41.065
54.000,13,436.089,100.211,8,-40.691
54.000,14,392.913,218.336,14,-44.082
54.000,15,133.383,193.501,8,-42.035
54.000,16,285.232,198.212,15,-42.228
54.000,17,448.356,111.812,8,-38.987
54.000,18,252.782,249.995,14,-42.545
54.000,19,347.973,335.951,11,-41.288
54.000,20,299.554,154.961,15,-45.242
54.000,21,285.654,279.550,13,-41.801
54.000,22,387.462,138.331,11,-40.691
54.000,23,10.959,459.367,0,-1000.000
54.000,24,369.064,423.486,6,-40.777
54.000,25,166.563,143.538,10,-43.169
54.000,26,418.859,255.416,11,-42.717
54.000,27,243.564,88.378,9,-44.274
54.000,28,456.063,346.325,6,-43.560
54.000,29,368.433,41.136,6,-41.356
55.000,0,289.711,343.942,10,-42.984
55.000,1,174.986,102.335,6,-39.631
55.000,2,111.321,291.732,5,-46.171
55.000,3,456.866,178.439,6,-40.565
55.000,4,189.455,182.955,12,-43.328
55.000,5,328.366,365.717,7,-38.820
55.000,6,337.060,36.692,6,-45.770
55.000,7,151.686,169.660,11,-41.263
55.000,8,374.002,211.536,13,-44.152
55.000,9,193.474,279.749,10,-41.984
55.000,10,287.394,483.697,3,-44.884
55.000,11,272.255,223.688,15,-44.066
55.000,12,344.168,322.658,12,-43.556
55.000,13,435.829,105.513,8,-40.202
55.000,14,393.953,200.158,11,-42.521
55.000,15,130.844,189.088,8,-41.497
55.000,16,288.541,202.634,14,-44.023
55.000,17,436.780,118.376,8,-41.532
55.000,18,245.806,239.840,13,-40.368
55.000,19,359.568,346.296,8,-39.717
55.000,20,291.718,165.334,14,-42.504
55.000,21,278.624,281.226,12,-44.721
55.000,22,372.843,150.040,12,-40.944
55.000,23,11.296,457.655,0,-1000.000
55.000,24,373.809,409.871,6,-41.845
55.000,25,159.817,136.944,10,-44.406
55.000,26,437.369,248.842,9,-42.118
55.000,27,249.253,79.629,10,-47.424
55.000,28,456.214,340.794,5,-44.740
55.000,29,375.095,41.610,6,-43.631
56.000,0,284.993,350.848,10,-43.209
56.000,1,181.253,110.866,8,-41.591
56.000,2,121.426,294.862,5,-46.631
56.000,3,463.534,170.938,6,-37.424
56.000,4,195.368,188.718,12,-39.863
56.000,5,326.394,349.446,12,-41.353
56.000,6,333.422,42.805,6,-46.751
56.000,7,146.139,165.300,9,-40.828
56.000,8,360.367,218.976,14,-41.298
56.000,9,199.370,284.061,11,-44.880
56.000,10,274.740,484.653,3,-50.136
56.000,11,283.163,231.980,13,-41.708
56.000,12,347.466,318.713,12,-42.848
56.000,13,435.569,110.815,8,-40.943
56.000,14,394.993,181.980,11,-43.731
56.000,15,128.306,184.675,7,-41.888
56.000,16,291.849,207.055,14,-42.568
56.000,17,425.205,124.941,8,-39.353
56.000,18,238.830,229.686,16,-44.589
56.000,19,360.376,347.017,9,-39.020
56.000,20,283.882,175.708,14,-44.318
56.000,21,271.594,282.902,12,-40.761
56.000,22,358.223,161.748,14,-45.466
56.000,23,14.292,442.434,0,-1000.000
56.000,24,378.553,396.256,6,-44.485
56.000,25,153.071,130.349,7,-40.747
56.000,26,455.878,242.268,9,-46.407
56.000,27,254.943,70.881,9,-44.558
56.000,28,456.365,335.262,5,-43.722
56.000,29,381.757,42.083,6,-44.119
57.000,0,280.275,357.754,11,-43.093
57.000,1,187.519,119.397,8,-41.384
57.000,2,131.531,297.993,6,-46.077
57.000,3,470.203,163.436,7,-45.541
57.000,4,201.281,194.481,14,-44.156
57.000,5,324.423,333.175,11,-41.098
57.000,6,329.785,48.917,7,-44.882
57.000,7,140.592,160.940,8,-42.506
57.000,8,346.732,226.416,16,-44.768
57.000,9,205.265,288.372,12,-44.863
57.000,10,262.086,485.609,1,-44.373
57.000,11,294.071,240.273,13,-39.130
57.000,12,350.763,314.767,13,-42.129
57.000,13,435.309,116.117,8,-41.492
57.000,14,396.033,163.802,11,-43.976
57.000,15,125.767,180.261,7,-40.114
57.000,16,295.157,211.477,15,-41.299
57.000,17,413.629,131.506,10,-42.877
57.000,18,231.853,219.532,15,-41.610
57.000,19,355.683,341.004,9,-39.132
57.000,20,276.046,186.081,16,-43.666
57.000,21,264.564,284.578,13,-42.559
57.000,22,343.603,173.457,16,-43.289
57.000,23,17.287,427.214,0,-1000.000
57.000,24,383.298,382.641,5,-42.191
57.000,25,146.325,123.755,7,-40.634
57.000,26,474.387,235.694,8,-43.315
57.000,27,260.633,62.132,7,-47.144
57.000,28,456.516,329.731,5,-43.688
57.000,29,388.418,42.557,7,-43.687
58.000,0,275.557,364.661,10,-43.432
58.000,1,193.786,127.928,9,-41.135
58.000,2,141.636,301.123,7,-47.124
58.000,3,476.871,155.934,5,-41.722
58.000,4,207.194,200.244,13,-40.659
58.000,5,322.451,316.904,13,-41.017
58.000,6,326.147,55.030,6,-45.035
58.000,7,135.045,156.579,7,-39.223
58.000,8,333.097,233.856,15,-42.346
58.000,9,211.161,292.684,13,-43.071
58.000,10,249.433,486.566,1,-43.677
58.000,11,304.980,248.565,15,-42.329
58.000,12,354.061,310.821,12,-39.960
58.000,13,435.049,121.419,7,-41.009
58.000,14,397.072,145.624,11,-39.641
58.000,15,123.229,175.848,8,-41.118
58.000,16,298.465,215.898,14,-40.820
58.000,17,402.053,138.071,11,-42.272
58.000,18,224.877,209.378,14,-40.063
58.000,19,350.640,334.540,10,-38.827
58.000,20,268.210,196.454,16,-41.400
58.000,21,257.534,286.254,13,-43.665
58.000,22,328.983,185.166,15,-45.018
58.000,23,20.283,411.994,0,-1000.000
58.000,24,388.043,369.026,7,-44.524
58.000,25,139.579,117.160,6,-40.337
58.000,26,492.897,229.120,5,-42.599
58.000,27,266.323,53.383,6,-46.489
58.000,28,456.667,324.199,5,-42.961
58.000,29,395.080,43.031,6,-46.212
59.000,0,270.839,371.567,10,-46.206
59.000,1,200.053,136.459,10,-44.016
59.000,2,151.741,304.253,7,-46.588
59.000,3,483.539,148.432,5,-41.846
59.000,4,213.107,206.007,14,-39.901
59.000,5,320.479,300.633,14,-41.822
59.000,6,322.510,61.142,7,-47.781
59.000,7,129.498,152.219,6,-38.877
59.000,8,319.461,241.296,15,-39.113
59.000,9,217.057,296.996,13,-44.702
59.000,10,236.779,487.522,1,-48.065
59.000,11,315.888,256.858,14,-40.237
59.000,12,357.359,306.876,12,-40.540
59.000,13,434.789,126.721,7,-39.597
59.000,14,398.112,127.446,9,-39.915
59.000,15,120.690,171.435,7,-38.557
59.000,16,301.774,220.320,14,-39.750
59.000,17,390.478,144.635,11,-43.395
59.000,18,217.901,199.224,14,-41.566
59.000,19,345.596,328.077,12,-40.969
59.000,20,260.374,206.827,16,-41.959
59.000,21,250.504,287.930,13,-40.303
59.000,22,314.364,196.875,16,-42.556
59.000,23,23.279,396.774,0,-1000.000
59.000,24,392.788,355.411,7,-43.493
59.000,25,132.833,110.565,5,-39.027
59.000,26,494.367,228.598,5,-45.405
59.000,27,272.013,44.635,3,-41.691
59.000,28,456.817,318.668,5,-44.658
59.000,29,401.741,43.504,6,-46.280
60.000,0,269.579,373.412,10,-45.053
60.000,1,206.320,144.990,12,-44.179
60.000,2,161.846,307.383,7,-44.687
60.000,3,490.208,140.931,5,-43.407
60.000,4,219.020,211.769,14,-43.455
60.000,5,318.508,284.362,15,-41.771
60.000,6,318.872,67.255,7,-42.705
60.000,7,123.951,147.858,6,-36.302
60.000,8,305.826,248.735,15,-41.299
60.000,9,222.953,301.308,13,-42.899
60.000,10,224.125,488.479,1,-47.326
60.000,11,326.797,265.150,15,-41.336
60.000,12,360.656,302.930,13,-42.666
60.000,13,434.529,132.023,6,-42.683
60.000,14,399.152,109.268,8,-41.376
60.000,15,118.151,167.022,7,-42.005
60.000,16,305.082,224.741,15,-40.268
60.000,17,378.902,151.200,12,-44.448
60.000,18,210.924,189.069,14,-41.495
60.000,19,340.553,321.613,12,-39.802
60.000,20,252.537,217.200,16,-42.713
60.000,21,243.474,289.606,14,-42.529
60.000,22,299.744,208.583,15,-42.045
60.000,23,26.275,381.553,0,-1000.000
60.000,24,397.533,341.796,9,-44.626
60.000,25,126.087,103.971,5,-42.414
60.000,26,487.854,230.340,6,-46.314
60.000,27,277.702,35.886,4,-43.197
60.000,28,456.968,313.136,6,-47.779
60.000,29,408.403,43.978,6,-46.175
